Author Name,# Scopus Articles,# Clusters Present,# Articles in Graph
Aalberse R.C.,311,170,244
Aarden L.A.,257,179,212
Aaronson S.A.,522,110,147
Abbas A.K.,220,118,156
Abo T.,334,158,281
Adams D.H.,326,119,157
Adcock I.M.,503,101,138
Adkinson Jr. N.F.,309,137,169
Adorini L.,332,148,206
Advani S.H.,541,103,120
Aggarwal B.B.,692,178,283
Agostini C.,318,102,152
Aguzzi A.,560,100,203
Ahlstedt S.,282,140,182
Ahmed R.,428,190,271
Aikawa M.,319,150,210
Aiuti F.,495,162,208
Akashi K.,521,144,192
Akdis C.A.,417,130,214
Akira S.,1171,414,521
Alarcon G.S.,547,166,258
Alarcon-Segovia D.,419,179,235
Albert E.D.,295,121,174
Albert J.,260,119,175
Albitar M.,313,107,124
Alexander J.,170,107,133
Alexander J.W.,537,113,169
Alitalo K.,668,108,184
Allain J.-P.,380,102,133
Allavena P.,277,113,188
Allen P.M.,227,141,182
Allison A.C.,520,203,247
Allison J.P.,349,141,215
Alper C.A.,269,138,190
Alpers M.P.,351,103,146
Alt F.W.,500,216,312
Alter H.J.,354,125,160
Altfeld M.,257,100,128
Altman A.,228,120,148
Alvarez-Mon M.,340,101,131
Alving C.R.,294,125,205
Amadori S.,408,103,134
Ambinder R.F.,325,107,151
Amital H.,375,101,120
Anasetti C.,437,153,249
Anaya J.-M.,292,118,131
Anders R.F.,229,107,181
Anderson D.C.,215,117,139
Anderson D.J.,229,112,136
Anderson K.C.,1167,213,410
Anderson L.J.,314,100,139
Anderson R.,358,113,173
Andersson J.,375,211,270
Andersson L.C.,342,121,143
Andreeff M.,692,174,254
Andreesen R.,301,134,179
Ansari A.A.,419,188,296
Antel J.P.,482,160,212
Antin J.H.,299,125,165
Antonelli G.,309,104,131
Aoki T.,314,100,128
Apicella M.A.,285,123,206
Appelbaum F.R.,919,271,476
Appella E.,564,223,267
Apperley J.F.,469,120,187
Arai K.-I.,309,125,167
Armitage J.O.,666,140,227
Armstrong D.,345,111,126
Arnaiz-Villena A.,303,111,217
Arnason B.G.W.,278,113,152
Arnett F.C.,279,108,188
Arnon R.,371,142,216
Aruffo A.,213,115,177
Arvin A.M.,316,109,196
Asaka M.,683,104,133
Asano S.,395,169,204
Asherson G.L.,200,101,137
Asherson R.A.,295,120,179
Askenase P.W.,242,140,200
Aster R.H.,319,108,181
Atkins R.C.,423,114,170
Atkinson J.P.,424,203,313
Atkinson M.A.,413,122,159
Atzeni F.,407,103,149
Aukrust P.,616,113,182
Auriault C.,167,106,139
Austen K.F.,750,352,486
Autran B.,369,135,170
Avrameas S.,309,132,171
Ayala A.,305,105,193
Azuma I.,469,132,212
Azuma M.,240,113,151
Baba M.,388,107,186
Babiuk L.A.,634,299,455
Baccarani M.,475,108,154
Bach F.H.,678,279,406
Bach J.-F.,422,222,289
Bach J.F.,529,185,206
Bachert C.,727,146,217
Bachmann M.F.,308,171,232
Bacigalupo A.,624,162,267
Bacon P.A.,376,163,210
Bae S.-C.,493,135,175
Baeuerle P.A.,248,103,143
Baggiolini M.,280,137,199
Baldo B.A.,279,109,189
Baldwin III W.M.,261,104,139
Baldwin R.W.,411,117,186
Balfour Jr. H.H.,346,114,141
Balkwill F.R.,288,109,137
Ballow M.,229,100,113
Baltimore D.,727,288,363
Balzarini J.,1451,158,404
Banchereau J.,515,253,361
Barbui T.,673,150,214
Barlogie B.,687,110,219
Barnes P.J.,1687,392,675
Barre-Sinoussi F.,312,132,171
Barrett A.J.,455,159,236
Barry A.L.,452,102,180
Barthold S.W.,256,106,162
Bartlett J.G.,867,112,166
Bartram C.R.,362,104,143
Basso G.,550,113,195
Bast Jr. R.C.,567,105,138
Basten A.,240,125,155
Bataille R.,351,120,188
Batchelor J.R.,213,102,123
Bazin H.,475,214,283
Beachey E.H.,201,112,148
Beagley K.W.,209,112,133
Becker E.L.,252,100,136
Befus A.D.,312,156,230
Begley C.G.,198,101,126
Behm F.G.,240,121,172
Belardelli F.,287,120,188
Bell J.I.,245,132,155
Belosevic M.,230,105,128
Benacerraf B.,555,272,356
Bendtzen K.,511,227,338
Bene M.C.,450,152,173
Benner R.,218,103,161
Bennett J.M.,520,104,158
Bennink J.R.,229,128,181
Benoist C.,384,192,243
Bensinger W.I.,330,119,188
Bensussan A.,339,125,185
Benveniste J.,300,121,172
Berden J.H.M.,271,100,136
Berger R.,582,135,185
Berkhout B.,489,154,253
Bernard A.,203,102,121
Bernstein D.I.,614,206,310
Bernstein I.D.,296,109,149
Bernstein I.L.,221,109,136
Berzofsky J.A.,460,266,364
Besra G.S.,466,106,182
Beutler B.,386,164,204
Beutler E.,918,101,145
Bevan M.J.,281,177,211
Beverley P.C.L.,307,175,223
Bhakdi S.,330,123,234
Biberfeld G.,303,152,211
Biberfeld P.,283,127,162
Biddison W.E.,164,117,140
Bieber T.,581,125,194
Bienenstock J.,388,192,240
Biggar R.J.,314,110,144
Bijlsma J.W.J.,467,174,263
Billiar T.R.,686,182,290
Billiau A.,333,161,206
Biondi A.,568,166,262
Birx D.L.,234,109,158
Bistoni F.,388,136,232
Bjorkholm M.,489,115,161
Bjorksten B.,390,158,244
Black C.M.,387,135,226
Blackwell J.M.,266,105,168
Blaese R.M.,257,123,156
Blaise D.,596,120,215
Blake D.R.,378,132,189
Blalock J.E.,291,130,182
Blanche S.,539,110,140
Blank M.,321,148,233
Blankenstein T.,216,104,147
Blaser K.,309,145,231
Blaser M.J.,723,179,329
Blattner W.A.,344,153,184
Blazar B.R.,763,283,420
Bloch K.J.,244,104,130
Blom A.M.,266,128,186
Bloom B.R.,428,200,243
Bloomfield C.D.,559,120,171
Bluestone J.A.,531,269,393
Blumberg R.S.,336,126,209
Blume K.G.,322,104,154
Bochner B.S.,256,120,177
Bodey G.P.,891,148,192
Bodmer J.G.,215,119,157
Boitard C.,283,105,137
Bolognesi D.P.,273,113,140
Bombardieri S.,547,178,276
Bona C.,447,189,272
Bonavida B.,453,173,257
Boner A.L.,415,117,150
Bonnefoy J.-Y.,198,135,165
Bonneville M.,215,122,176
Boogaerts M.,323,106,133
Boon L.,261,113,138
Boon T.,252,105,214
Boraschi D.,214,106,131
Borden E.C.,356,150,192
Borgeat P.,246,104,140
Borish L.,217,101,138
Bornkamm G.W.,245,111,147
Borowitz M.J.,300,132,159
Borrebaeck C.A.K.,294,109,147
Borregaard N.,284,117,181
Bos J.D.,379,116,150
Bottazzo G.F.,386,155,228
Botto M.,184,107,138
Bottomly K.,154,105,146
Boulet L.-P.,489,117,172
Boumpas D.T.,307,109,122
Bousquet J.,1312,329,496
Bouza E.,870,124,151
Bovin N.V.,516,108,162
Boxer L.A.,301,120,164
Boyd R.L.,246,145,199
Boyse E.A.,300,130,193
Brade H.,294,104,223
Bradstock K.F.,254,105,145
Brand A.,368,148,192
Brandtzaeg P.,634,266,437
Braquet P.,616,166,236
Brautbar C.,232,111,150
Brechot C.,490,134,194
Breedveld F.C.,653,316,425
Brennan P.J.,555,152,241
Brenner M.B.,403,158,238
Brenner M.K.,496,190,272
Bresnihan B.,260,121,147
Briand J.-P.,270,100,140
Briles D.E.,294,122,239
Britt W.J.,240,107,184
Brocker E.-B.,600,151,192
Broder S.,293,140,193
Brombacher F.,231,141,164
Bronson R.T.,589,125,132
Brook I.,793,101,252
Brooks P.M.,541,133,148
Brosnan C.F.,207,117,150
Brouet J.C.,291,116,141
Brousse N.,423,113,128
Brown E.J.,249,141,185
Broxmeyer H.E.,706,260,420
Bruck W.,420,103,144
Bruijn J.A.,390,116,144
Bruserud O.,347,109,169
Bucala R.,563,113,262
Buchler M.W.,2197,126,159
Buckley C.D.,304,112,143
Buckley R.H.,281,135,187
Buckner C.D.,441,155,245
Burakoff S.J.,350,222,288
Burdick M.D.,230,101,161
Burg G.,682,110,131
Burke D.S.,333,114,149
Burks A.W.,407,111,230
Burmester G.R.,798,257,339
Burnett A.K.,370,108,150
Burnstock G.,1400,134,223
Burny A.,449,163,249
Burton D.R.,545,179,319
Busch M.P.,663,187,319
Buskila D.,334,105,172
Busse W.W.,657,226,289
Bussel J.B.,419,112,187
Busuttil R.W.,864,110,170
Butcher E.C.,380,221,307
Butler J.E.,222,116,188
Buurman W.A.,542,228,306
Buus S.,221,116,169
Byrd J.C.,636,127,217
Cabanillas F.,456,105,184
Cacoub P.,822,125,171
Cahn J.-Y.,548,113,146
Cairo M.S.,445,144,213
Caligiuri M.A.,436,167,244
Calne R.Y.,632,120,145
Cambier J.C.,292,178,242
Campana D.,279,100,156
Campbell I.L.,214,123,182
Campo E.,629,118,188
Camussi G.,454,129,193
Canonica G.W.,921,227,424
Cantor H.,242,138,176
Cao X.,505,130,160
Capra J.D.,313,174,239
Capron A.,903,381,572
Capron M.,361,174,238
Carbone A.,740,153,280
Carbone F.R.,193,108,155
Carpenter C.B.,306,117,138
Carrington M.,368,134,205
Carroll M.C.,230,138,197
Carson D.A.,463,217,282
Carter R.,375,109,165
Cartron J.-P.,382,122,216
Casadevall A.,784,219,436
Casale T.B.,374,103,146
Casanova J.-L.,599,140,171
Caspi R.R.,250,103,162
Cassatella M.A.,205,102,148
Cassone A.,352,105,186
Castranova V.,554,102,138
Catovsky D.,810,211,307
Cavaillon J.-M.,276,135,182
Cazenave J.-P.,484,120,152
Cazenave P.-A.,250,146,193
Celis E.,211,109,140
Cerami A.,482,160,227
Cerottini J.-C.,328,189,240
Cerundolo V.,298,135,182
Cervera R.,562,192,270
Ceuppens J.L.,295,173,204
Chain B.M.,190,111,145
Chaisson R.E.,466,111,139
Chakraborty T.,333,129,188
Chambon P.,913,119,153
Champlin R.E.,1066,297,489
Chan C.-C.,588,168,269
Chan W.C.,363,108,149
Chan-Yeung M.,374,110,151
Chanez P.,489,113,160
Chanock R.M.,506,162,224
Chao N.J.,317,116,143
Chaouat G.,296,125,190
Chapman M.D.,284,126,221
Charron D.,537,241,306
Chatenoud L.,243,106,149
Chaudry I.H.,742,175,314
Chedid L.,334,135,188
Chen D.-S.,720,128,210
Chen H.,512,121,151
Chen I.S.Y.,227,127,170
Chen L.,290,120,180
Chensue S.W.,181,113,139
Cheung N.-K.V.,396,104,143
Chiang B.-L.,347,175,202
Chiba T.,847,101,128
Chieco-Bianchi L.,337,131,177
Chiorazzi N.,248,118,173
Chisari F.V.,307,135,226
Chouaib S.,300,119,153
Chrousos G.P.,1412,159,258
Chung K.F.,630,209,283
Church M.K.,372,180,234
Cines D.B.,316,100,151
Ciprandi G.,717,125,277
Civin C.I.,265,118,141
Claas F.H.J.,687,233,364
Claman H.N.,227,104,133
Clancy R.L.,225,106,157
Clark D.A.,410,166,241
Clark E.A.,310,189,244
Clark S.C.,192,151,172
Clark-Lewis I.,194,100,143
Clements J.E.,227,113,164
Clerici M.,520,168,257
Clift R.A.,297,115,163
Clotet B.,797,118,155
Cochrane C.G.,218,113,132
Cockcroft D.W.,354,100,162
Coffman R.L.,263,168,203
Cohen I.R.,463,203,330
Cohen J.,322,110,130
Cohen J.I.,289,156,190
Cohen M.S.,470,113,166
Cohen P.L.,188,105,152
Cohen Tervaert J.W.,371,119,173
Cohn Z.A.,290,178,281
Colebunders R.,584,109,134
Coligan J.E.,366,231,278
Colizzi V.,287,132,168
Collen D.,876,132,209
Colley D.G.,254,106,165
Collins M.,271,145,189
Collins M.D.,469,162,305
Collins P.L.,368,121,240
Colman R.W.,615,100,190
Colombel J.-F.,920,100,137
Colombo M.P.,308,129,172
Colonna M.,411,137,202
Colten H.R.,231,120,167
Colvin R.B.,490,188,268
Colwell R.R.,704,116,168
Compans R.W.,456,177,278
Conrad D.H.,195,103,149
Conti P.,361,116,173
Cooke A.,241,148,201
Cooper C.,1440,116,203
Cooper D.A.,770,209,261
Cooper K.D.,320,118,166
Cooper M.D.,559,301,402
Copeland N.G.,829,228,325
Coppel R.L.,465,168,315
Corey L.,797,254,338
Corradin G.,249,149,213
Correa-Oliveira R.,314,136,197
Cortes J.,1195,160,308
Cosimi A.B.,386,115,158
Cossarizza A.,363,115,185
Costerton J.W.,449,100,136
Coutinho A.,359,226,316
Coutinho R.A.,608,157,260
Coyle A.J.,209,117,135
Cresswell P.,294,144,212
Cripps A.W.,272,117,179
Crist W.M.,357,107,146
Croce C.M.,1139,233,322
Cross A.S.,229,119,163
Crowe S.M.,263,108,145
Croy B.A.,235,101,155
Crystal R.G.,852,214,313
Cullen B.R.,309,110,176
Cummings R.D.,401,129,172
Cunha F.Q.,534,211,300
Cunningham A.L.,342,143,187
Cunningham-Rundles C.,330,133,180
Curi R.,514,108,184
Curiel D.T.,657,158,260
Curtiss III R.,338,139,205
Cutolo M.,578,153,251
Cuzzocrea S.,704,141,266
Czerkinsky C.,173,100,132
Czuprynski C.J.,231,125,173
D'Cruz D.,301,104,134
Daha M.R.,711,389,551
Dahl R.,411,135,164
Dahlgren C.,247,118,206
Dalakas M.C.,504,121,197
Dalgleish A.G.,304,131,161
Dalla-Favera R.,324,130,199
Dammacco F.,547,158,220
Dankert J.,363,129,160
Dantzer R.,457,128,187
Dardenne M.,351,145,232
Darzynkiewicz Z.,650,103,141
Das P.,550,108,134
Dausset J.,688,146,193
David C.S.,551,294,441
David J.R.,282,133,175
Davies T.F.,398,100,149
Davis M.M.,406,203,263
Davis W.C.,382,201,281
Dawkins R.L.,330,128,218
Day M.J.,391,102,152
Dayer J.-M.,390,206,259
Daynes R.A.,181,111,141
De Baetselier P.,292,145,192
De Clerck L.S.,269,109,147
De Clercq E.,2401,336,730
De Groot P.G.,484,141,228
De Leij L.F.M.H.,206,100,128
De Souza W.,813,191,310
De Vries E.G.E.,982,116,162
De Vries J.E.,248,181,205
De Vries R.R.P.,200,135,154
De Weck A.L.,409,144,182
DeKruyff R.H.,183,101,130
Dearman R.J.,327,133,225
Debre P.,436,221,262
Deeg H.J.,722,218,403
Deeks S.G.,452,105,137
Deelder A.M.,487,102,214
Degos L.,394,127,187
Deinhardt F.,480,101,130
Deisseroth A.B.,348,126,163
Deitch E.A.,440,107,149
Del Giudice G.,224,100,124
Delespesse G.,236,135,168
Delfraissy J.-F.,447,116,134
Dell A.,479,124,156
Demetris A.J.,632,174,263
Demoly P.,686,115,178
Denburg J.A.,290,133,224
Denning D.W.,609,104,187
Desrosiers R.C.,349,166,259
Detels R.,524,168,231
Dexter T.M.,314,129,171
DiPersio J.F.,417,123,161
Diamantstein T.,277,157,199
Diamond B.,327,158,230
Diamond M.S.,374,113,174
Dianzani F.,255,122,157
Diehl V.,796,181,247
Dieppe P.,594,136,233
Dierich M.P.,611,262,375
Dijkmans B.A.C.,587,200,290
Dijkstra C.D.,246,127,186
Dinarello C.A.,925,496,700
Dixon F.J.,390,145,204
Djeu J.Y.,240,142,169
Doerr H.W.,531,110,180
Doherty M.,494,116,217
Doherty P.C.,461,222,329
Dohner H.,568,105,196
Dolovich J.,260,134,167
Doms R.W.,247,114,170
Donadi E.A.,313,104,142
Dorf M.E.,322,194,256
Dorken B.,452,137,190
Dormont D.,346,145,176
Dorner T.,381,130,173
Douek D.C.,339,155,191
Dougados M.,1109,180,427
Dougan G.,582,218,340
Douglas S.D.,521,195,258
Dower S.K.,207,114,153
Drazen J.M.,770,137,165
Drexler H.G.,445,146,220
Drijfhout J.W.,280,121,171
Drosos A.A.,359,131,180
Druker B.J.,453,120,170
DuPont H.L.,654,123,206
Dummer R.,806,116,152
Dupont B.,421,206,279
Duquesnoy R.J.,317,138,192
Durandy A.,241,102,130
Durham S.R.,465,201,309
Dustin M.L.,343,142,209
Dutton R.W.,162,103,117
Dvorak A.M.,410,142,269
Dwek R.A.,632,168,259
Eaves C.J.,470,149,242
Ebersole J.L.,323,152,216
Edelman G.M.,490,123,207
Edgington T.S.,297,105,137
Edwards K.M.,595,106,130
Eggermont A.M.M.,662,108,163
Egido J.,546,111,162
Eguchi K.,717,223,291
Ehninger G.,792,155,216
Eibl M.M.,272,108,138
Eichmann K.,187,118,156
Einsele H.,628,144,219
Eisen H.N.,246,135,174
Eisenbarth G.S.,586,207,332
Eisenberg R.A.,185,107,162
Elkon K.B.,238,131,171
Ellner J.J.,329,165,217
Emery P.,981,259,413
Emmrich F.,266,124,146
Endres S.,310,106,137
Engelhard V.H.,192,115,153
Engleman E.G.,287,171,208
Ennis F.A.,300,124,196
Erlich H.A.,452,168,288
Espevik T.,279,143,198
Espinoza L.R.,392,129,151
Essex M.,368,156,204
Esteban M.,325,125,202
Estes M.K.,471,118,308
Estey E.,674,126,205
Estrov Z.,469,128,180
Fabbri L.M.,584,105,150
Fahey J.L.,397,178,209
Falini B.,398,106,166
Falk R.J.,329,103,143
Falkenburg J.H.F.,275,118,197
Falkow S.,440,216,273
Falus A.,408,137,184
Fanger M.W.,150,102,124
Farrar W.L.,237,116,142
Fathman C.G.,238,139,169
Fauci A.S.,1137,519,642
Faure G.,310,107,127
Fearon D.T.,227,133,168
Fefer A.,270,103,127
Feighery C.,255,111,125
Feizi T.,370,114,168
Feldman M.,303,117,141
Feldmann M.,608,336,448
Felson D.T.,675,121,268
Fenaux P.,827,147,253
Fenyo E.M.,246,125,169
Ferraccioli G.,423,112,160
Ferrant A.,331,102,119
Ferrante A.,297,132,223
Ferrara J.L.M.,268,118,183
Ferrarini M.,263,101,149
Ferreira F.,244,102,154
Ferrini S.,229,115,147
Ferrone S.,894,327,548
Festenstein H.,275,138,181
Feuerstein G.,594,100,135
Fibbe W.E.,333,136,166
Fidler I.J.,674,215,338
Fiers W.,604,237,322
Figdor C.G.,450,198,278
Fikrig E.,354,130,211
Finberg R.W.,260,150,182
Finegold S.M.,527,130,208
Fink J.N.,337,146,211
Finkelman F.D.,463,270,371
Finlay B.B.,511,150,264
Firestein G.S.,288,104,154
Fischer A.,939,276,435
Fischetti V.A.,257,102,159
Fitch F.W.,278,147,164
Flad H.-D.,312,158,210
Flavell R.A.,1109,468,598
Fleischer B.,303,179,232
Fleisher T.A.,279,123,149
Fleuren G.J.,349,114,175
Florquin S.,317,121,152
Flower R.J.,365,134,203
Foa R.,752,206,257
Fokkens W.J.,437,105,149
Folks T.M.,207,133,154
Font J.,313,106,120
Fontana A.,337,158,200
Foon K.A.,263,118,158
Forman S.J.,676,189,296
Forni G.,329,124,190
Forre O.,277,152,190
Forrester J.V.,425,107,176
Forsgren A.,253,102,152
Foster C.S.,760,150,203
Foster P.S.,247,108,150
Fox J.G.,710,130,234
Fox R.I.,170,107,123
Franceschi C.,854,161,327
Franchini G.,294,156,217
Frangione B.,437,122,191
Frank M.M.,397,213,275
Frati L.,512,146,198
Frazer I.H.,291,121,170
Freedman A.S.,212,109,133
Freedman J.,269,116,159
Freeman G.J.,382,157,214
Freireich E.J.,544,128,155
Frelinger J.A.,246,162,197
Fresno M.,250,120,156
Frew A.J.,278,100,122
Frey J.,337,107,165
Fridman W.H.,517,203,314
Friedman H.,426,143,233
Fritzler M.J.,426,141,259
Froland S.S.,340,121,167
Frosch M.,262,105,128
Fu S.M.,148,101,117
Fu Y.-X.,307,115,155
Fuchs D.,1067,266,570
Fudenberg H.H.,683,216,274
Fujihashi K.,169,102,142
Fujimoto M.,373,105,203
Fujinami R.S.,201,106,157
Fujiwara H.,270,136,227
Fung J.J.,1058,203,336
Furst D.E.,720,186,309
Furue M.,1026,100,118
Fust G.,394,155,216
Gabius H.-J.,813,118,203
Gadner H.,556,128,187
Gahmberg C.G.,257,110,157
Gaidano G.,562,113,192
Galanaud P.,314,137,178
Galanos C.,245,131,189
Gale R.P.,914,257,369
Galeazzi M.,430,108,152
Galle P.R.,672,112,171
Galli S.J.,445,197,319
Gallin J.I.,328,145,213
Gallo R.C.,909,402,518
Gamelli R.L.,419,110,132
Ganguly N.K.,681,158,209
Ganser A.,750,186,245
Ganz T.,340,104,160
Gao G.F.,541,128,156
Garaci E.,305,103,155
Garcia-Sastre A.,518,158,242
Gardner M.B.,260,110,136
Garred P.,319,104,195
Garssen J.,408,132,171
Gascoyne R.D.,524,115,187
Gatell J.M.,678,109,124
Gatter K.C.,463,122,157
Gauldie J.,406,184,238
Gay S.,377,137,194
Gazzard B.,729,156,202
Gazzinelli R.T.,273,142,199
Geha R.S.,608,314,385
Geisler C.,298,109,161
Gejyo F.,570,113,157
Gelfand E.W.,762,392,516
Genco R.J.,447,146,180
Gendelman H.E.,463,143,277
Gerard C.,252,131,170
Gerken G.,659,112,143
Gerli R.,300,113,152
Germain R.N.,377,238,285
Gershon R.K.,184,100,123
Gershwin M.E.,1348,476,794
Gerstoft J.,465,111,128
Gery I.,296,112,168
Gessain A.,406,131,215
Gewurz H.,235,103,160
Ghezzi P.,321,139,197
Ghosh K.,728,136,173
Gibson P.G.,580,110,174
Gilbert D.J.,333,109,137
Giles F.J.,657,149,224
Gilkeson G.S.,266,116,161
Gill III T.J.,382,116,190
Gillis S.,208,156,177
Ginsberg M.H.,395,117,164
Giralt S.,588,120,251
Gladman D.D.,905,202,433
Glass R.I.,522,101,180
Glauser M.P.,312,109,161
Gleich G.J.,659,284,476
Glennie M.J.,177,103,144
Glimcher L.H.,393,193,239
Glorioso J.C.,356,114,222
Gluckman E.,854,224,346
Gluckman J.C.,240,112,132
Godard P.,483,103,136
Goddeeris B.M.,293,123,168
Goebel W.,372,138,232
Goeddel D.V.,200,102,134
Goedert J.J.,514,164,228
Goetzl E.J.,429,182,240
Goff S.P.,323,130,215
Gold R.,770,118,156
Golde D.W.,432,181,225
Goldenberg D.M.,752,150,330
Goldman J.M.,896,221,398
Goldman M.,482,239,304
Goldstein A.L.,352,141,227
Goldstein G.,329,164,219
Goldstone A.H.,434,140,205
Golenbock D.T.,290,137,183
Gonzalez-Gay M.A.,695,106,245
Good M.F.,348,170,280
Good R.A.,618,230,270
Good R.A.,472,107,125
Good R.A.,542,237,341
Goodfellow M.,478,101,275
Goodnow C.C.,294,119,170
Gooley T.,321,130,172
Goossens H.,587,101,124
Gorbach S.L.,537,111,147
Gorczynski R.M.,364,131,215
Gordon C.,305,103,145
Gordon J.,323,199,237
Gordon S.,508,227,364
Gordon-Smith E.C.,273,102,138
Gorin N.C.,438,105,157
Goronzy J.J.,382,132,211
Gotch F.,227,107,140
Goudsmit J.,575,266,367
Graham B.S.,378,133,200
Graham D.Y.,1027,123,189
Grammer L.C.,323,115,157
Granfors K.,195,105,151
Granger D.N.,550,138,241
Gratama J.W.,313,120,155
Gratwohl A.,725,169,246
Grau G.E.,308,154,219
Greaves M.F.,489,164,217
Greaves M.W.,490,110,164
Green D.R.,569,174,248
Greenberg H.B.,387,175,266
Greenberg P.D.,268,152,192
Greenberger P.A.,348,108,163
Greene M.I.,438,182,257
Greene W.C.,345,181,243
Greenwood B.M.,868,191,264
Gregersen P.K.,379,133,163
Greiner D.L.,344,149,241
Grenier D.,272,106,141
Gress R.E.,265,134,188
Gresser I.,261,135,185
Grey H.M.,273,181,216
Gribben J.G.,458,150,212
Griffin D.E.,386,170,289
Griffin J.D.,421,164,211
Griffiths C.E.M.,705,111,168
Griffiths P.D.,470,116,180
Grimm E.A.,245,101,131
Grimont P.A.D.,294,114,155
Grinstein S.,565,168,242
Griscelli C.,409,147,177
Grisham M.B.,331,109,194
Groopman J.E.,288,152,177
Gross W.L.,673,144,212
Grosse-Wilde H.,284,126,162
Grossi C.E.,184,116,136
Grosveld F.,403,101,128
Guerrant R.L.,503,123,173
Guillet J.-G.,186,105,146
Guillevin L.,1202,201,332
Gupta S.,325,149,196
Gutterman J.U.,484,181,220
Guzman C.A.,305,120,161
Haahtela T.,467,114,159
Haas O.A.,364,112,141
Haas R.,731,199,247
Haase A.T.,217,104,125
Haber E.,440,103,143
Habu S.,195,129,152
Hachulla E.,799,113,199
Hack C.E.,525,239,365
Hacker J.,374,140,248
Haesebrouck F.,802,183,307
Hafler D.A.,428,193,267
Hagemeijer A.,377,123,158
Hahn B.H.,323,126,212
Hakomori S.-I.,671,190,333
Hallgren R.,253,106,141
Halliwell B.,696,119,176
Halloran P.F.,431,101,150
Hamada S.,276,121,176
Hamaoka T.,249,134,186
Hamid Q.,507,211,303
Hamilton J.A.,320,168,234
Hamilton R.G.,335,148,208
Hamilton T.A.,198,120,156
Hammarstrom L.,586,259,376
Hammerling G.J.,344,209,247
Hammerling U.,178,100,142
Hancock R.E.W.,648,141,240
Hancock W.W.,445,182,251
Handgretinger R.,454,145,189
Hansen J.A.,552,294,385
Hansen T.H.,194,105,152
Hansmann M.-L.,421,108,156
Hanson L.A.,398,186,242
Hansson G.K.,438,107,178
Hara T.,435,105,127
Harada M.,595,197,247
Harboe M.,288,115,161
Harding C.V.,197,107,146
Hardy R.R.,180,101,151
Hargreave F.E.,348,143,202
Harlan J.M.,241,131,175
Harley J.B.,391,135,210
Harousseau J.L.,374,102,149
Harrison L.C.,421,153,205
Hart C.A.,621,177,226
Hart D.N.J.,268,114,183
Hartung H.-P.,1006,233,338
Hartung T.,482,109,140
Hasegawa A.,344,104,145
Haseltine W.A.,254,134,156
Hashimoto H.,355,149,186
Haskard D.O.,317,148,185
Hauser S.L.,416,107,129
Haussinger D.,974,113,141
Hayami M.,274,130,214
Hayday A.C.,224,115,156
Haynes B.F.,636,296,426
Hayry P.,494,146,217
Hayward A.R.,170,104,129
Hazes J.M.W.,291,102,140
Hazleman B.L.,312,110,154
Heath W.R.,222,119,165
Hedrick S.M.,162,101,116
Heeg K.,185,103,128
Heeney J.L.,278,138,191
Heesemann J.,374,157,231
Heijnen C.J.,395,126,163
Heinrich P.C.,327,117,203
Helenius A.,263,101,149
Hellstrom I.,354,141,200
Hellstrom K.E.,347,136,205
Henderson B.,642,120,172
Hengartner H.,386,242,335
Henson P.M.,442,205,273
Herberman R.B.,776,402,514
Hermine O.,724,166,202
Hernandez-Pando R.,303,108,127
Herndon D.N.,1163,116,175
Herold M.,252,102,119
Herrmann F.,285,129,169
Herrmann M.,300,112,161
Hersh E.M.,536,208,247
Herve P.,338,108,129
Herzenberg L.A.,338,205,245
Herzenberg L.A.,246,129,174
Heslop H.E.,389,115,181
Hess A.D.,239,100,166
Heusser C.,164,113,134
Hibi T.,806,105,152
Hickey W.F.,202,105,124
Hiddemann W.,907,174,264
Hiemstra P.S.,378,113,134
Hiepe F.,276,109,130
Hill A.V.S.,585,201,280
Hill H.R.,358,157,207
Hirai H.,440,134,197
Hirano T.,317,166,203
Hirokawa K.,287,113,147
Hirono I.,393,101,133
Hirsch M.S.,344,155,186
Ho A.D.,672,167,233
Ho D.D.,308,163,209
Hochberg M.C.,618,144,219
Hodes R.J.,283,146,184
Hoelzer D.,693,205,286
Hoffbrand A.V.,616,168,227
Hoffman R.,380,123,151
Hoffman S.L.,386,133,235
Hogaboam C.M.,274,116,166
Hogg J.C.,548,117,160
Hogg N.,173,108,133
Hohlfeld R.,431,107,174
Hoiby N.,657,145,288
Holdsworth S.R.,276,133,169
Holers V.M.,319,149,234
Holgate S.T.,1197,450,618
Holland S.M.,556,147,217
Holmdahl R.,558,242,445
Holmes E.C.,601,132,186
Holmes K.K.,603,153,208
Holmgren J.,489,214,327
Holt P.G.,535,212,357
Honjo T.,635,300,404
Hood L.,835,279,362
Hoofnagle J.H.,510,118,143
Hook M.,295,101,157
Horejsi V.,226,102,145
Horowitz M.M.,414,114,185
Hotta T.,279,102,118
Houghten R.A.,476,123,183
Houghton A.N.,270,105,173
Howard C.J.,245,123,188
Howarth P.H.,339,140,179
Hoxie J.A.,210,126,153
Hsueh P.-R.,854,110,138
Hu S.-L.,163,100,114
Huang L.,528,109,156
Huber B.T.,165,103,129
Huber C.,492,206,267
Hughes A.L.,350,107,144
Hughes G.R.V.,726,281,411
Hugli T.E.,255,126,180
Huizinga T.W.J.,934,259,350
Hume D.A.,393,134,192
Hummel M.,362,103,131
Humphries R.K.,282,101,135
Hunig T.,193,113,146
Hunninghake G.W.,347,152,177
Hunsmann G.,300,125,187
Hunt D.F.,407,101,122
Hunter C.A.,512,128,185
Hunter E.,257,116,179
Hunter T.,523,111,134
Hurme M.,307,121,149
Husband A.J.,192,103,139
Husby G.,330,142,218
Hynes R.O.,371,110,130
Ihle J.N.,368,165,230
Ikeda Y.,619,177,235
Ikehara S.,445,164,303
Ikuta K.,390,124,236
Ilonen J.,586,187,263
Imai K.,827,136,199
Indiveri F.,315,108,152
Inman R.D.,347,132,206
Inoko H.,604,230,353
Isaacson P.G.,407,123,189
Isenberg D.A.,853,387,540
Ishigatsubo Y.,497,104,121
Ishii H.,598,122,158
Ishizaka K.,373,191,260
Ishizaka T.,194,127,146
Issekutz A.C.,213,110,152
Ito K.,268,109,138
Ito M.,215,100,120
Itoh K.,407,134,232
Ivanyi J.,289,155,206
Iwakura Y.,556,242,304
Izui S.,294,148,253
Jackson D.C.,217,119,164
Jacobs Jr. W.R.,374,110,165
Jacobson S.,290,124,189
Jaffe E.S.,699,215,319
Jalkanen S.,317,115,201
Janeway Jr. C.A.,483,246,316
Janossy G.,371,207,253
Jansen H.M.,210,102,130
Jeang K.-T.,327,107,184
Jenkins M.K.,183,112,143
Jenkins N.A.,829,230,326
Jennette J.C.,336,100,135
Jensen-Jarolim E.,230,105,133
Jewell D.P.,486,133,166
Jilma B.,431,101,132
Jimenez S.A.,374,104,177
Jirillo E.,336,110,178
Johansson S.G.O.,391,170,234
Johnson H.M.,284,117,188
Johnson M.,530,102,132
Johnson P.M.,201,106,129
Johnson R.J.,660,107,169
Johnston Jr. R.B.,197,102,113
Johnston S.L.,414,100,132
Jondal M.,215,145,180
Jones R.N.,1566,183,403
Jonsson R.,331,156,206
Joosten L.A.B.,518,163,256
Juji T.,316,156,206
June C.H.,513,256,313
Jung G.,563,158,238
Kabat E.A.,375,126,187
Kabelitz D.,387,165,232
Kagey-Sobotka A.,226,162,197
Kagnoff M.F.,221,108,148
Kahan B.D.,804,173,317
Kalden J.R.,703,294,356
Kalil J.,295,121,178
Kaliner M.A.,402,184,250
Kallenberg C.G.M.,633,224,347
Kalyanaraman V.S.,180,107,138
Kamatani N.,620,116,152
Kaminogawa S.,298,103,147
Kampfer P.,509,106,264
Kanagawa O.,164,113,134
Kanakura Y.,383,128,186
Kantarjian H.,2199,343,696
Kanz L.,574,136,194
Kaper J.B.,321,135,247
Kapikian A.Z.,321,104,185
Kaplan A.P.,402,125,222
Kaplan G.,252,141,187
Kapp A.,498,133,175
Kappler J.W.,412,268,351
Karasuyama H.,200,111,141
Karch H.,398,119,237
Karin M.,634,172,203
Kasahara T.,240,107,134
Kaslow R.A.,251,118,142
Kasper D.L.,346,144,245
Kast W.M.,221,107,167
Katayama I.,635,128,166
Katz D.H.,251,128,155
Katz S.I.,276,116,142
Kauffman C.A.,423,104,150
Kauffman H.F.,220,107,152
Kaufmann S.H.E.,631,281,383
Kautiainen H.,724,142,220
Kaveri S.V.,457,149,250
Kawakami A.,528,158,196
Kawakami Y.,307,105,154
Kawaoka Y.,741,174,360
Kay A.B.,451,263,361
Kay N.E.,413,116,142
Kazatchkine M.D.,618,231,342
Kearney J.F.,231,155,189
Keating M.J.,831,209,359
Kelley K.W.,301,134,177
Kelley V.E.,181,101,129
Kemeny D.M.,211,129,169
Kennedy R.C.,229,107,179
Kern P.,304,100,114
Kersey J.H.,401,185,226
Keystone E.C.,387,108,149
Khalili K.,440,116,234
Khamashta M.A.,656,213,340
Kida H.,379,118,153
Kieff E.,305,135,245
Kieny M.P.,254,100,121
Kiessling R.,249,146,191
Kijlstra A.,475,137,176
Kikuchi M.,498,139,197
Kilian M.,246,113,166
Kim H.-M.,517,153,326
Kim H.-Y.,252,114,128
Kim K.S.,346,145,203
Kimber I.,624,210,364
Kimberly R.P.,278,126,164
Kincade P.W.,278,141,220
Kinoshita T.,333,105,187
Kipps T.J.,424,134,192
Kirchner H.,479,239,321
Kirkwood J.M.,490,113,145
Kishimoto T.,749,384,533
Kita H.,265,115,176
Kitamura T.,315,115,141
Kitamura Y.,448,119,246
Kiyono H.,576,262,376
Klareskog L.,624,239,352
Klatzmann D.,328,146,196
Klausner R.D.,294,102,133
Klein B.,321,105,199
Klein E.,488,235,316
Klein G.,783,235,341
Klein G.,452,167,224
Klein J.,537,255,378
Klein M.,176,105,130
Klein N.,338,109,151
Klenerman P.,423,128,193
Klenk H.-D.,442,136,243
Klesius P.H.,364,103,197
Klinman D.M.,311,160,225
Kluin P.M.,303,127,162
Knapp W.,283,151,178
Knight S.C.,259,112,169
Knip M.,639,119,187
Knipe D.M.,233,101,178
Knop J.,243,107,138
Knowles D.M.,286,127,169
Kobzik L.,301,115,151
Kodera Y.,309,103,143
Koeffler H.P.,803,218,360
Koenderman L.,253,127,166
Kohn D.B.,326,110,181
Kohno S.,1830,255,308
Koike T.,607,129,239
Kojima S.,448,103,160
Kolb H.,392,148,215
Kolb H.-J.,403,126,213
Kollias G.,293,105,122
Kolls J.K.,406,136,199
Konig W.,390,142,219
Koning F.,259,115,177
Konttinen Y.T.,704,204,324
Koopman W.J.,171,108,122
Kopf M.,195,115,140
Koprowski H.,856,278,375
Korber B.,290,118,171
Koretzky G.A.,234,103,133
Korsmeyer S.J.,341,126,167
Koszinowski U.H.,270,129,205
Kotzin B.L.,196,118,166
Koup R.A.,343,147,182
Kourilsky P.,327,168,231
Kovacs J.A.,264,100,144
Koyanagi Y.,219,118,152
Koyasu S.,253,113,142
Kozak C.A.,419,146,251
Kraal G.,266,171,195
Kraft D.,345,123,242
Krammer P.H.,478,205,343
Kranz D.M.,199,103,149
Kreiswirth B.N.,451,103,132
Kremmer E.,481,135,178
Kremsner P.G.,620,174,266
Krensky A.M.,252,121,177
Krieg A.M.,294,117,176
Krieg T.,525,114,150
Kristensson K.,336,102,152
Kroemer G.,1144,157,313
Kroger N.,556,107,187
Kronenberg M.,318,127,227
Kronke M.,216,107,133
Kruisbeek A.M.,149,101,122
Kubes P.,379,152,223
Kubo R.T.,132,100,112
Kuchroo V.K.,417,167,255
Kufe D.,586,148,225
Kuijpers T.W.,440,150,192
Kullberg B.J.,405,121,188
Kundig T.M.,197,101,120
Kunkel H.G.,315,139,251
Kunkel S.L.,724,376,519
Kupiec-Weglinski J.W.,421,127,217
Kupper T.S.,236,116,142
Kurane I.,389,119,181
Kurata T.,339,134,209
Kurimoto M.,328,145,181
Kurosaki T.,292,104,179
Kurth R.,265,103,141
Kurup V.P.,238,103,185
Kurzrock R.,484,140,174
Kusumoto S.,321,111,197
Kuwana M.,377,103,152
Kvien T.K.,604,162,253
Kwiatkowski D.,323,102,129
Kwok W.W.,215,120,151
Kwon B.S.,253,109,159
Kwong Y.L.,631,116,151
Kyle R.A.,1555,134,322
Lachmann P.J.,307,159,190
Lackner A.A.,258,124,175
Lal R.B.,219,117,153
Laman J.D.,237,116,148
Lamb J.R.,254,162,200
Lambert P.H.,412,193,217
Lambrecht B.N.,388,119,178
Lambris J.D.,495,222,316
Landay A.,425,218,261
Lane H.C.,316,155,177
Lang F.,1366,116,194
Lange J.M.A.,490,130,179
Lanier L.L.,473,237,352
Lanzavecchia A.,339,166,234
Larrick J.W.,250,103,130
Larsen C.P.,241,101,148
Larson R.A.,527,128,203
Lassmann H.,643,200,308
Latchman D.S.,545,125,219
Lau Y.L.,327,101,117
Lawrence D.A.,307,119,173
Laxer R.M.,315,106,130
Lazarus H.M.,651,176,250
Lazzarin A.,780,226,274
Le Beau M.M.,435,132,178
Le Deist F.,289,134,172
Lechler R.I.,413,211,299
Lechner K.,579,179,257
Leclerc C.,269,138,206
Ledbetter J.A.,313,240,290
Leder P.,365,128,156
Lederman M.M.,411,157,175
Lee J.J.,208,104,136
Lee T.H.,325,150,196
Lefkowitz R.J.,893,112,153
Lefranc M.-P.,324,103,182
Lefvert A.K.,219,120,177
Lehner T.,355,133,225
Lehrer R.I.,297,113,193
Lei H.-Y.,243,103,148
Leinonen M.,343,106,190
Leirisalo-Repo M.,323,175,230
Leitman S.F.,229,106,130
Lemanske Jr. R.F.,324,107,146
Lemonnier F.A.,215,133,179
Leo O.,178,100,132
Leonard W.J.,326,143,222
Leone G.,599,129,161
Lerner R.A.,433,115,162
Lernmark A.,684,160,309
Letvin N.L.,520,296,393
Leung D.Y.M.,677,225,324
Levi-Schaffer F.,256,134,174
Levin M.J.,340,102,151
Levine A.M.,355,125,156
Levine M.M.,597,189,318
Levinsky R.J.,204,107,140
Levy J.A.,438,217,298
Levy R.,312,141,207
Lew A.M.,239,134,174
Lewis G.K.,173,104,126
Ley K.,410,127,221
Libby P.,804,169,227
Lichtenstein L.M.,638,361,487
Liew F.Y.,251,125,170
Lifson J.D.,411,197,266
Lillehoj H.S.,361,130,219
Limburg P.C.,220,116,160
Linch D.C.,521,179,251
Lindberg A.A.,279,116,187
Link H.,464,230,348
Linsley P.S.,272,133,184
Liotta L.A.,771,110,157
Lipsky P.E.,673,366,446
Lisak R.P.,371,130,189
Lister T.A.,446,112,152
Littman D.R.,324,158,191
Liu F.-T.,341,125,204
Liu Y.-J.,263,117,162
Ljunggren H.-G.,315,162,234
Ljungman P.,562,162,279
LoBuglio A.F.,246,100,126
Locatelli F.,973,212,358
Locht C.,325,107,208
Lockey R.F.,474,162,233
Locksley R.M.,245,134,158
Lodish H.F.,605,133,162
Lombardi G.,250,129,178
Long E.O.,185,103,148
Longo D.L.,725,325,381
Looareesuwan S.,518,124,198
Look A.T.,440,115,154
Lopez A.F.,215,111,146
Lortholary O.,711,133,154
Lottspeich F.,530,122,137
Lotz M.,294,114,140
Lotze M.T.,412,187,263
Low D.E.,477,110,132
Lowenberg B.,579,178,242
Lowry S.F.,366,106,167
Luciw P.A.,183,110,139
Ludwig W.-D.,414,135,190
Luger T.A.,672,185,222
Lukacs N.W.,358,178,240
Lundberg I.E.,300,103,164
Lundgren J.D.,562,108,135
Lusso P.,206,110,151
Luster A.D.,306,156,207
Luster M.I.,293,131,177
Lycke N.,177,105,144
Lydyard P.M.,199,146,163
MacDonald H.R.,342,222,272
MacDonald T.T.,385,141,215
MacGlashan Jr. D.W.,252,127,207
MacLennan I.C.M.,265,111,158
Mach B.,236,122,178
Maciejewski J.P.,418,106,149
Mackay C.R.,209,116,144
Mackay I.R.,616,211,317
Maclaren N.K.,264,102,142
Maddison P.J.,234,124,147
Maes M.,717,165,264
Maggi E.,332,152,210
Maibach H.I.,1807,130,182
Maini R.N.,388,207,262
Maizels R.M.,304,151,224
Majdic O.,189,122,149
Mak T.W.,975,365,450
Makino H.,779,101,123
Malavasi F.,347,128,217
Malech H.L.,321,126,181
Malissen B.,385,196,234
Malo J.-L.,386,112,208
Malorni W.,373,115,148
Mandelli F.,856,194,293
Mann D.L.,258,143,159
Manns M.P.,1744,253,369
Mannucci P.M.,1322,181,344
Mantovani A.,1228,385,669
Marchalonis J.J.,301,101,204
Margolick J.B.,386,141,199
Margulies D.H.,198,102,138
Marincola F.M.,516,151,230
Mark E.J.,850,107,113
Marone G.,420,155,252
Marrack P.,406,273,349
Marsh K.,424,112,180
Marsh S.G.E.,1065,107,197
Martel-Pelletier J.,412,106,210
Martin J.,563,116,192
Martin J.G.,375,107,144
Martin M.A.,252,120,156
Martin P.J.,537,229,357
Martin R.,347,144,204
Martin T.R.,250,104,125
Martinelli G.,660,108,159
Martinez-A C.,360,206,251
Martini A.,528,138,197
Martins-Filho O.A.,306,129,189
Maruyama I.,531,110,148
Mascola J.R.,399,135,221
Maskell D.J.,240,101,143
Mason D.Y.,405,177,241
Masucci M.G.,217,112,161
Masur H.,460,152,177
Matas A.J.,784,107,147
Mathis D.,387,194,246
Matsushima K.,664,334,465
Matsuura Y.,369,119,160
Matsuzaki G.,151,109,136
Matsuzawa Y.,931,119,155
Mattei M.-G.,515,111,130
Matteson E.L.,491,126,168
Matthews T.J.,171,115,141
Matucci-Cerinic M.,758,185,380
Matutes E.,412,133,189
Mayer K.H.,1013,147,183
Mayer L.,316,145,200
Mayr W.R.,455,118,150
McAdam K.P.W.J.,261,126,153
McArthur J.C.,451,118,196
McBride W.H.,309,101,136
McCaughan G.W.,506,101,145
McClure H.M.,280,115,165
McCluskey J.,366,162,230
McCracken Jr. G.H.,583,130,172
McCune J.M.,228,108,152
McDevitt H.O.,313,192,230
McElrath M.J.,281,116,143
McFarland H.F.,338,142,197
McFarlin D.E.,190,106,138
McGeer P.L.,612,118,199
McGhee J.R.,400,226,323
McGlave P.B.,226,107,148
McGuire T.C.,317,127,228
McInnes I.B.,446,131,174
McKenzie A.N.J.,219,111,126
McKenzie I.F.C.,582,261,392
McKerrow J.H.,352,105,165
McLachlan S.M.,254,110,162
McManus D.P.,515,115,214
McMichael A.J.,594,296,398
McMurray D.N.,260,106,168
Mcneely W.F.,465,102,106
Meager A.,204,127,145
Medeiros L.J.,1054,219,340
Medsger Jr. T.A.,264,100,173
Meijer C.J.L.M.,1066,231,325
Melchers F.,309,143,234
Melief C.J.M.,533,262,393
Mellstedt H.,454,186,260
Melnick J.L.,907,138,175
Meloen R.H.,208,126,157
Meltzer M.S.,191,129,146
Menger M.D.,774,116,213
Meri S.,323,151,220
Merigan T.C.,491,220,267
Meroni P.L.,619,224,337
Mertelsmann R.,461,195,243
Messmer K.,702,103,148
Messner H.A.,337,108,143
Mestecky J.,472,233,357
Metcalf D.,626,269,371
Metcalfe D.D.,526,231,344
Mettenleiter T.C.,454,118,253
Metzger H.,216,101,143
Meuer S.C.,266,131,175
Meyer O.,421,117,150
Meyer T.F.,366,123,193
Meyer Zum Buschenfelde K.-H.,526,185,214
Michael N.L.,348,113,143
Michaelsen T.E.,249,118,174
Michalek S.M.,282,144,206
Michel F.B.,656,128,161
Miedema F.,298,149,243
Migita K.,339,120,153
Mikami T.,245,128,180
Miller H.R.P.,203,116,170
Miller J.F.A.P.,309,153,205
Miller J.S.,328,110,182
Miller L.H.,435,166,290
Miller R.A.,438,138,200
Miller R.G.,178,112,131
Miller S.D.,394,182,308
Mills G.B.,921,140,168
Mills J.,232,101,114
Mills K.H.G.,265,103,154
Milpied N.,449,108,151
Milstein C.,297,141,203
Mimori T.,412,116,162
Minden M.D.,432,132,176
Mingari M.C.,299,118,209
Minowada J.,388,135,160
Miossec P.,322,100,139
Mitchell G.F.,263,141,195
Mitsuya H.,431,151,212
Mitsuyama M.,173,101,132
Miura Y.,489,141,178
Miyachi Y.,808,134,162
Miyajima A.,343,118,170
Miyake K.,255,107,151
Miyamura T.,324,102,157
Miyasaka M.,394,183,281
Miyasaka N.,390,147,173
Miyawaki T.,341,128,156
Miyazaki J.-I.,406,120,145
Miyoshi I.,415,103,143
Mizoguchi H.,421,121,146
Modlin R.L.,357,184,262
Mohanakumar T.,488,176,223
Mohandas N.,497,117,213
Mohty M.,713,102,195
Moldawer L.L.,490,185,234
Moller E.,306,137,180
Moller G.,271,133,171
Moller P.,573,155,207
Mollnes T.E.,479,183,337
Monaco A.P.,468,100,143
Moncada S.,649,184,253
Mond J.J.,195,128,155
Monden M.,941,105,133
Montagnier L.,379,174,218
Montecucco C.,402,105,163
Montefiori D.C.,706,286,441
Montelaro R.C.,258,105,188
Montserrat E.,595,125,199
Moore E.E.,1131,112,151
Moore J.P.,279,129,193
Moore M.A.S.,479,229,279
Moqbel R.,197,109,154
Moreau P.,659,105,166
Morein B.,202,109,158
Moreland L.W.,298,108,144
Moretta A.,449,175,355
Moretta L.,625,244,464
Morgan B.P.,417,219,340
Morgan G.J.,692,168,209
Mori S.,280,100,140
Morimoto C.,362,177,284
Morishima Y.,456,153,202
Morley J.E.,1460,143,191
Moroni M.,423,105,122
Morris H.R.,383,104,131
Morris P.J.,944,263,386
Morrison D.C.,246,147,185
Morrison S.L.,234,128,196
Morse III H.C.,410,200,288
Morton D.L.,755,122,232
Mosher D.F.,345,108,141
Mosier D.E.,171,108,127
Mosmann T.R.,199,125,153
Moss B.,777,276,557
Moss P.,219,102,127
Mountz J.D.,231,124,164
Mouthon L.,575,116,236
Moutsopoulos H.M.,590,261,383
Moxon E.R.,362,115,219
Mozes E.,308,111,239
Mufti G.J.,508,122,168
Mukaida N.,352,160,242
Mullbacher A.,190,113,163
Muller S.,329,139,221
Muller W.,238,135,164
Muller W.E.G.,1201,150,324
Muller-Eberhard H.J.,265,142,197
Muller-Hermelink H.K.,649,185,266
Muller-Ladner U.,597,123,194
Mullins J.I.,364,167,238
Murphy B.R.,434,140,267
Murphy G.F.,365,124,144
Murphy P.M.,260,117,151
Murphy R.C.,490,108,147
Murphy W.J.,285,145,194
Murray H.W.,248,122,153
Musher D.M.,473,114,133
Musiani P.,229,104,135
Musser J.M.,424,139,225
Nabel G.J.,434,178,225
Naccache P.H.,207,102,149
Naclerio R.M.,336,137,205
Nadel J.A.,513,141,211
Nadler L.M.,351,221,276
Nagai H.,346,148,236
Nagata S.,380,173,249
Nagataki S.,669,142,176
Nagler A.,1042,251,398
Nahm M.H.,259,107,136
Nair G.B.,411,101,176
Naito M.,279,104,125
Najarian J.S.,1068,143,190
Nakahata T.,502,168,207
Nakamura S.,612,129,204
Nakamura Y.,1375,107,123
Nakashima I.,314,122,211
Nakauchi H.,494,156,195
Nakayama T.,338,138,195
Naoe T.,508,123,192
Narayan O.,252,123,183
Natali P.G.,364,116,155
Nataro J.P.,304,106,178
Nath A.,414,121,208
Nathan C.,341,173,218
Nathenson S.G.,233,102,149
Natvig J.B.,338,160,213
Nauwynck H.J.,392,132,177
Nawata H.,925,100,116
Neefjes J.,287,119,168
Negrin R.S.,268,120,174
Nelson D.L.,518,119,173
Nelson H.S.,400,136,184
Nelson J.A.,196,106,140
Nelson K.E.,429,121,181
Nelson S.,261,101,136
Nepom G.T.,323,180,243
Nerup J.,390,120,186
Ness P.M.,401,117,159
Netea M.G.,841,222,346
Neu H.C.,615,121,164
Neuberg D.,550,135,163
Neurath M.F.,733,127,232
Newland A.C.,398,136,169
Nickoloff B.J.,344,123,161
Nicola N.A.,307,133,176
Nicolas J.-F.,455,109,141
Nicolson G.L.,436,105,140
Niederkorn J.Y.,311,102,223
Niederwieser D.,552,137,207
Nienhuis A.W.,312,103,120
Niethammer D.,470,111,154
Niggemann B.,418,100,157
Niho Y.,690,225,281
Niitsu Y.,626,115,145
Nijkamp F.P.,419,144,226
Nilsson B.,445,148,254
Nilsson K.,361,156,212
Nishikawa S.-I.,291,108,157
Nishimura Y.,244,114,159
Nishioka K.,371,102,135
Nishioka K.,314,142,204
Nisonoff A.,223,105,134
Nixon D.F.,240,117,139
Nizet V.,381,115,162
Noelle R.J.,258,146,191
Nomoto K.,788,381,582
Nord C.E.,684,113,194
Norman P.S.,266,133,173
Norrby E.,382,150,193
Nossal G.J.V.,320,112,164
Notarangelo L.D.,577,174,240
Notkins A.L.,376,153,208
Nowell P.C.,358,140,171
Nunez G.,399,145,190
Nurden A.T.,339,101,166
Nussenblatt R.B.,621,179,285
Nussenzweig M.C.,370,122,204
Nussenzweig R.S.,231,108,184
Nussenzweig V.,311,157,224
Nutman T.B.,427,194,291
O'Brien S.,830,188,371
O'Brien S.J.,616,116,207
O'Byrne P.M.,489,159,239
O'Farrelly C.,244,109,134
O'Garra A.,199,106,157
O'Hehir R.E.,227,101,135
O'Reilly R.J.,367,181,232
O'Shea J.J.,322,135,187
Ochs H.D.,540,228,329
Odermatt B.,223,102,122
Odum N.,259,110,169
Oettgen H.F.,276,120,148
Ofek I.,198,106,130
Offner H.,342,145,234
Ogawa H.,741,153,208
Ogawa M.,530,102,149
Ogg G.S.,192,100,130
Ogra P.L.,353,159,203
Ohashi P.S.,290,170,211
Ohno N.,377,116,200
Ohno R.,447,104,167
Ohno S.,694,107,197
Ohshima K.,540,169,223
Ohyashiki K.,612,109,159
Okuda K.,255,104,162
Okumura K.,836,425,573
Okumura K.,163,100,114
Old L.J.,730,265,428
Oldstone M.B.A.,626,309,490
Olive D.,489,180,233
Ollier W.E.R.,545,201,294
Olsson T.,571,209,328
Omata M.,1261,114,174
Onoe K.,198,100,169
Onuma M.,291,124,202
Opal S.M.,360,107,139
Opdenakker G.,338,136,225
Opelz G.,540,179,238
Oppenheim J.J.,512,282,345
Or R.,388,125,177
Orenstein J.M.,277,114,155
Orfao A.,597,183,268
Orkin S.H.,541,138,193
Orme I.M.,308,108,222
Orosz C.G.,207,118,144
Orrenius S.,520,105,153
Ortaldo J.R.,284,190,242
Osame M.,718,153,213
Osawa T.,327,102,130
Ossenkoppele G.J.,422,109,140
Osterhaus A.D.M.E.,1150,320,463
Ottenhoff T.H.M.,398,167,227
Ottesen E.A.,217,102,135
Overbaugh J.,300,111,173
Oxenius A.,176,102,132
Ozato K.,374,134,191
Ozawa K.,576,140,188
Pabst R.,493,148,226
Paganelli R.,224,109,129
Page C.P.,487,160,247
Pahwa S.,317,154,185
Palese P.,408,134,214
Palu G.,539,118,149
Panayi G.S.,412,221,249
Panoskaltsis-Mortari A.,252,112,141
Pantaleo G.,440,146,182
Papadimitriou J.M.,434,122,146
Pardoll D.M.,387,136,203
Parham P.,563,248,429
Parish C.R.,311,145,196
Park H.-S.,399,121,194
Park S.-H.,314,109,125
Parker C.W.,306,112,132
Parkhouse R.M.E.,302,152,229
Parmiani G.,445,190,280
Parren P.W.H.I.,208,106,142
Passalacqua G.,584,153,288
Pastan I.,1254,282,508
Patarroyo M.E.,482,211,330
Patterson R.,711,215,381
Paul W.E.,646,365,463
Paulson J.C.,360,108,155
Paus R.,605,109,134
Pauwels R.,442,129,170
Pavlakis G.N.,234,104,167
Pawelec G.,526,192,265
Peakman M.,254,107,143
Pease L.R.,200,108,159
Pedersen B.K.,652,177,269
Pedersen N.C.,282,134,171
Peiris J.S.M.,669,106,131
Pelicci P.G.,513,115,179
Penninger J.M.,533,144,185
Penny R.,252,102,116
Pepys M.B.,403,131,231
Perelson A.S.,495,157,246
Perfect J.R.,490,125,195
Perlmann P.,396,176,264
Perretti M.,396,148,239
Perrin L.,336,124,148
Persson C.G.A.,352,102,204
Peschel C.,367,103,128
Peschle C.,328,123,183
Pestka J.J.,282,107,162
Pestka S.,384,129,194
Peter H.H.,368,151,189
Peters S.P.,337,112,133
Peters-Golden M.,274,120,180
Peterson P.A.,351,187,245
Peterson P.K.,304,155,217
Petri M.,640,188,307
Pettersson U.,345,102,131
Pfaller M.A.,679,121,182
Pfeffer K.,231,131,145
Pfeilschifter J.,526,141,209
Pfizenmaier K.,250,109,146
Pfreundschuh M.,543,112,178
Phair J.P.,409,144,193
Phillips J.H.,164,109,140
Phipps R.P.,315,107,178
Pichler W.J.,408,146,213
Picker L.J.,207,109,143
Pier G.B.,339,135,202
Piette J.-C.,884,204,257
Pileri S.,686,151,229
Pincus T.,421,111,269
Piot P.,477,126,173
Pircher H.,170,114,138
Pisetsky D.S.,427,165,252
Pistoia V.,353,143,197
Pitha P.M.,252,101,152
Pizzo P.A.,432,132,179
Pizzolo G.,341,132,184
Platt J.L.,470,161,324
Platts-Mills T.A.E.,548,218,351
Playfair J.H.L.,186,101,131
Plebani A.,291,104,120
Plebani M.,1400,114,137
Ploegh H.L.,559,228,305
Plotkin S.A.,633,124,174
Plow E.F.,407,125,170
Plummer F.A.,356,140,208
Pober J.S.,369,159,233
Podack E.R.,296,145,214
Poiesz B.J.,207,107,140
Polak J.M.,1093,142,190
Poland G.A.,511,118,154
Poli G.,223,112,169
Pollard R.B.,284,121,171
Pomerantz R.J.,260,140,190
Poole S.,171,101,126
Poolman J.T.,246,107,176
Pope J.E.,442,101,198
Poppema S.,232,110,135
Porcelli S.A.,267,115,172
Postma D.S.,844,183,268
Potempa J.,376,127,200
Potter M.,329,155,202
Poulsen L.K.,306,173,221
Powles R.,409,126,162
Prentice H.G.,346,143,184
Preud'homme J.L.,238,103,152
Price D.A.,403,149,190
Prieto J.,480,141,179
Prince A.M.,309,103,133
Proost P.,265,107,167
Proud D.,266,132,175
Ptak W.,202,102,134
Pui C.-H.,582,137,255
Pulverer G.,502,119,204
Punzi L.,465,138,182
Purcell R.H.,642,216,325
Pusey C.D.,413,107,173
Quesenberry P.J.,376,104,158
Quie P.G.,273,124,147
Quinn T.C.,826,239,322
Quirce S.,378,124,162
Ra C.,264,135,197
Rabbitts T.H.,277,101,155
Rabin B.S.,284,122,149
Radbruch A.,423,193,268
Radolf J.D.,214,100,161
Raffeld M.,365,133,162
Raimondi S.C.,352,133,204
Raine C.S.,486,197,250
Rainey F.A.,229,106,163
Rajewsky K.,504,265,372
Ramadori G.,478,100,159
Rambaldi A.,452,150,195
Rammensee H.-G.,429,216,296
Ramsay N.K.C.,274,106,145
Ransohoff R.M.,437,145,208
Raoult D.,2149,254,547
Rapoport B.,319,102,161
Rappuoli R.,735,240,397
Ratner L.,262,140,196
Raulet D.H.,216,101,169
Ravandi F.,613,104,146
Ravetch J.V.,260,139,181
Rechavi G.,481,122,142
Redfield R.R.,234,114,128
Reed C.E.,237,109,131
Reed J.C.,892,218,342
Reed S.G.,409,176,247
Rees R.C.,273,100,119
Reesink H.W.,397,108,142
Reid K.B.M.,291,125,213
Reid M.E.,374,107,214
Reiffers J.,483,150,208
Reimann J.,208,119,184
Reinherz E.L.,471,291,370
Reisfeld R.A.,407,166,225
Reitz Jr. M.S.,191,110,126
Remick D.G.,348,174,222
Remington J.S.,538,209,328
Remuzzi G.,1335,175,255
Renauld J.-C.,223,110,149
Renia L.,256,108,145
Rennard S.I.,662,111,136
Renz H.,503,182,234
Resch K.,262,126,168
Restifo N.P.,345,149,217
Reth M.,218,102,152
Reveille J.D.,475,169,280
Revillard J.P.,457,146,205
Rezaei N.,661,158,206
Ribatti D.,805,128,197
Riccardi C.,289,124,168
Rice C.M.,455,150,256
Richman D.D.,637,243,327
Rickinson A.B.,338,177,284
Ricordi C.,716,142,224
Riethmuller G.,295,151,193
Rietschel E.T.,237,123,170
Rijkers G.T.,375,136,186
Riley E.M.,233,120,167
Rinaldo C.R.,376,170,235
Ring J.,1500,231,327
Ringden O.,753,202,434
Ritz J.,482,233,310
Robak T.,773,114,206
Robbins J.B.,317,137,203
Robbins P.D.,465,155,217
Robert-Guroff M.,245,129,176
Robins-Browne R.M.,285,102,141
Robson S.C.,476,103,172
Rock K.L.,205,105,155
Rodriguez M.,451,135,266
Roederer M.,354,127,153
Roep B.O.,305,106,147
Roggendorf M.,397,123,170
Rohde M.,456,166,211
Roitt I.M.,308,153,184
Roizman B.,565,175,364
Rola-Pleszczynski M.,249,119,160
Rolink A.G.,228,109,186
Rollinghoff M.,280,165,200
Romagnani S.,461,196,293
Romani L.,356,111,187
Romero P.,334,145,209
Romero R.,1241,177,345
Roncarolo M.G.,288,109,180
Rook G.A.W.,356,174,237
Rooney C.M.,291,109,175
Roos D.,460,209,315
Rose N.R.,642,177,344
Rose-John S.,407,129,255
Rosen F.S.,380,172,233
Rosenbaum J.T.,507,127,197
Rosenberg S.A.,1139,410,715
Rosenwald A.,482,105,144
Rossi A.G.,229,101,144
Rossini A.A.,239,107,165
Rossjohn J.,396,133,205
Rostami A.,220,106,147
Roth J.,339,110,165
Rothenberg M.E.,439,124,187
Rothwell N.J.,418,101,136
Rouse B.T.,391,196,292
Rouzioux C.,499,118,161
Rowe J.M.,389,108,165
Rowe M.,171,111,152
Rowland-Jones S.L.,342,137,200
Rowley J.D.,450,107,167
Rubinstein P.,223,104,129
Rudd P.M.,367,105,152
Ruddle F.H.,554,107,131
Ruiter D.J.,355,103,128
Ruiz P.,410,105,141
Ruoslahti E.,540,139,184
Ruscetti F.W.,284,178,213
Russell A.S.,471,141,171
Russell N.H.,381,101,141
Russell S.J.,443,101,189
Ruutu T.,308,113,144
Ruzicka T.,1037,100,143
Ryder L.P.,274,132,171
Ryffel B.,498,207,269
Sachs D.H.,862,298,592
Sack D.A.,399,104,149
Sadoff J.C.,208,117,151
Saglio G.,582,132,203
Saif L.J.,377,106,207
Saito H.,760,183,265
Saito H.,398,161,206
Saito T.,892,125,153
Salama A.,318,118,161
Salmon M.,246,119,163
Salvarani C.,596,116,250
Samaranayake L.P.,473,107,205
Sampson H.A.,628,209,362
Samuelsson B.,402,116,170
San Miguel J.F.,731,156,264
Sanchez-Madrid F.,433,209,298
Sande M.A.,322,102,124
Sanders J.E.,355,142,227
Sandor M.,149,100,127
Sansonetti P.J.,496,144,281
Santoni A.,321,163,225
Santos G.W.,310,130,173
Sany J.,392,106,111
Saraux A.,431,105,141
Sarvetnick N.,201,106,144
Sarzi-Puttini P.,511,133,200
Sasazuki T.,462,171,243
Sastre J.,338,116,139
Sata M.,797,113,142
Sata T.,361,118,167
Sato N.,441,104,171
Sato S.,690,164,365
Satoskar A.R.,240,112,142
Sauder D.N.,247,112,137
Sauerwein R.W.,336,100,159
Saul A.,292,119,173
Savage C.O.S.,259,111,160
Savelkoul H.F.J.,278,146,178
Savilahti E.,358,119,173
Savino W.,313,123,215
Saxon A.,233,125,159
Sayegh M.H.,433,172,276
Scadden D.T.,355,109,140
Schachner M.,901,110,180
Schadendorf D.,820,104,120
Scharff M.D.,267,125,173
Scheiner O.,282,135,218
Schendel D.J.,188,104,135
Scheper R.J.,527,201,275
Schett G.,702,182,232
Scheynius A.,244,123,163
Schiffer C.A.,364,129,181
Schifferli J.A.,245,100,149
Schild H.,197,103,130
Schirrmacher V.,420,136,254
Schleifer K.H.,389,106,153
Schleimer R.P.,369,175,221
Schlessinger J.,525,136,171
Schlievert P.M.,388,140,268
Schlom J.,677,234,391
Schlossman S.F.,526,373,438
Schmidt R.E.,936,159,222
Schmitt D.,379,112,171
Schmitt E.,198,115,146
Schmitz G.,644,100,146
Schneerson R.,219,110,158
Scholmerich J.,1019,186,234
Schols D.,371,136,186
Schooley R.T.,288,116,128
Schrader J.W.,181,107,137
Schreiber R.D.,310,164,229
Schreiber S.,782,102,141
Schreuder G.M.Th.,205,109,153
Schuitemaker H.,270,102,175
Schuler G.,355,113,161
Schulz T.F.,332,120,193
Schumacher H.R.,500,135,160
Schumacher T.N.M.,256,108,131
Schumann P.,516,128,295
Schur P.H.,226,124,137
Schuurman H.-J.,363,142,189
Schwartz D.A.,499,110,146
Schwartz L.B.,312,164,247
Schwartz R.H.,216,149,183
Schwartz R.S.,734,130,163
Scollay R.,133,105,119
Scott D.L.,454,172,220
Scott D.W.,261,107,175
Scott P.,174,104,157
Scully C.,1198,120,150
Secombes C.J.,449,196,291
Seeger W.,944,114,176
Segal D.M.,174,109,128
Sehon A.H.,295,100,139
Sekaly R.-P.,328,178,206
Sela M.,595,164,260
Selby P.J.,419,102,111
Seldin M.F.,378,104,206
Semenzato G.,404,147,224
Sercarz E.E.,296,158,223
Serhan C.N.,556,117,238
Seto M.,304,106,144
Sette A.,730,349,528
Seymour G.J.,351,120,201
Shadduck R.K.,217,101,123
Shanahan F.,561,113,155
Sharon N.,378,101,143
Sharpe A.H.,349,146,220
Sharrow S.O.,175,136,151
Shaw G.M.,304,158,228
Shaw S.,204,116,145
Shearer G.M.,449,241,330
Shenk T.,291,110,180
Sher A.,468,243,353
Shevach E.M.,441,233,292
Shiku H.,532,196,261
Shimizu T.,465,113,174
Shimotohno K.,380,116,209
Shively J.E.,427,113,141
Shlomchik M.J.,195,113,161
Shoenfeld Y.,2125,623,1005
Shortman K.,310,150,235
Shows T.B.,433,101,119
Shpall E.J.,470,120,168
Shultz L.D.,445,208,304
Sibilia J.,582,117,168
Sidney J.,337,174,258
Sieper J.,579,114,258
Sierra J.,403,106,154
Siliciano R.F.,301,113,160
Silman A.J.,689,192,325
Silva J.S.,203,113,143
Silverman E.D.,309,134,170
Sim R.B.,326,157,265
Siminovitch K.A.,284,108,139
Simmonds P.,452,123,211
Simmons R.L.,1066,263,350
Simon H.-U.,418,134,180
Simon M.M.,222,127,181
Simons F.E.R.,447,120,202
Simpson E.,290,140,176
Singer A.,220,139,191
Singh M.,313,108,139
Siraganian R.P.,219,108,156
Siskind G.W.,200,106,134
Sjogren H.O.,217,117,155
Skamene E.,202,104,157
Skov P.S.,205,109,155
Slavin S.,551,181,340
Slots J.,309,121,207
Sly P.D.,743,126,169
Smith C.I.E.,371,160,254
Smith C.W.,304,154,194
Smith G.L.,288,108,216
Smith K.A.,198,109,135
Smolen J.S.,917,284,440
Smyth M.J.,608,238,364
Snyder S.H.,1266,158,228
Snyderman R.,316,155,181
Sobel J.D.,480,102,159
Sobel R.A.,244,125,157
Socie G.,765,159,262
Socransky S.S.,334,120,187
Sodroski J.,458,231,360
Soiffer R.J.,390,119,179
Sollinger H.W.,510,108,149
Sondel P.M.,348,185,260
Sone S.,486,152,221
Sonenberg N.,619,102,179
Song Y.W.,312,119,140
Sonnerborg A.,354,108,145
Sorg C.,289,111,202
Soriano V.,1210,140,206
Sorsa T.,489,100,196
Soulillou J.-P.,592,208,302
Sozzani S.,272,122,185
Spector S.A.,379,139,169
Spector S.L.,300,111,143
Spector T.D.,1019,118,209
Speiser D.E.,280,122,166
Spengler U.,403,106,121
Spits H.,324,194,231
Sporn M.B.,538,125,208
Sprent J.,332,191,274
Springer T.A.,543,269,399
Stackebrandt E.,646,205,357
Stamm W.E.,435,122,180
Standiford T.J.,283,143,182
Stanley E.R.,262,119,172
Starzl T.E.,1797,285,528
Stastny P.,236,122,152
Stein H.,781,252,356
Steinberg A.D.,406,216,309
Steinberg S.M.,691,128,162
Steinman L.,560,258,331
Steinman R.M.,453,218,353
Stendahl O.,192,105,125
Sterk P.J.,471,110,144
Sterry W.,891,142,181
Stevanovic S.,323,161,203
Stevens D.A.,701,154,284
Stevens W.J.,286,119,149
Stevenson F.K.,309,145,217
Stewart C.C.,195,100,111
Stiehm E.R.,325,137,165
Stingl G.,408,175,210
Stokes C.R.,216,106,163
Storb R.,1250,364,716
Storer B.E.,395,103,163
Storkus W.J.,210,103,151
Strasser A.,413,132,203
Straub R.H.,394,151,219
Straus S.E.,344,146,197
Strauss R.G.,318,106,162
Streilein J.W.,536,186,374
Strieter R.M.,603,280,446
Strober S.,301,135,211
Strober W.,449,216,289
Strom T.B.,545,250,348
Strominger J.L.,905,408,553
Stroncek D.F.,325,126,188
Stuart D.I.,413,125,168
Sturfelt G.,276,127,182
Sturrock R.D.,310,103,128
Su I.-J.,315,103,133
Suciu-Foca N.,288,101,156
Suda T.,459,128,167
Sugamura K.,299,152,227
Sugimachi K.,1776,119,148
Sullivan J.L.,238,113,153
Sullivan K.E.,326,105,121
Sullivan K.M.,397,164,232
Sumida T.,330,120,160
Sutherland D.E.R.,1233,146,227
Svejgaard A.,473,207,306
Svennerholm A.-M.,378,144,256
Swaak A.J.G.,172,103,129
Swain S.L.,238,148,195
Swings J.,392,104,224
Sykes M.,424,142,308
Symmons D.P.M.,372,133,179
Szabo C.,721,139,196
Szefler S.J.,578,113,178
Szegedi G.,478,133,169
Sztein M.B.,211,114,177
Tadokoro K.,230,115,142
Tagami H.,543,104,135
Tak P.P.,373,151,199
Takahashi T.,255,123,157
Takaku F.,921,195,235
Takatsu K.,356,169,267
Takatsuki K.,547,180,235
Takeda K.,336,142,163
Takeda Y.,333,103,189
Takehara K.,443,122,242
Takeuchi T.,494,132,169
Takiguchi M.,218,106,166
Talal N.,345,184,228
Tallman M.S.,580,121,230
Talmadge J.E.,270,126,167
Talpaz M.,572,184,306
Tamaki K.,539,173,231
Tan E.M.,300,144,220
Tanaka N.,754,135,165
Tanaka Y.,281,140,215
Tanaka Y.,686,142,186
Taniguchi M.,369,151,240
Taniguchi T.,315,135,182
Tanimoto M.,537,139,156
Taniwaki M.,562,101,172
Targan S.R.,447,122,200
Tarkowski A.,338,162,275
Taub D.D.,235,143,171
Taylor-Robinson D.,612,125,188
Tedder R.S.,333,126,151
Tedder T.F.,374,189,318
Tefferi A.,1041,170,245
Teixeira M.M.,384,157,203
Ten Berge I.J.M.,231,104,119
Ter Meulen V.,347,124,190
Terasaki P.I.,968,276,358
Terhorst C.,332,177,252
Teshima T.,333,106,147
Testa U.,354,140,195
The T.H.,273,128,167
Theofilopoulos A.N.,269,164,222
Theoharides T.C.,400,127,224
Theze J.,221,110,159
Thiel E.,683,169,217
Thielemans K.,241,124,155
Thomas E.D.,728,217,366
Thomas H.C.,562,165,212
Thomas W.R.,245,136,200
Thompson C.B.,556,199,269
Thomson A.W.,604,211,364
Thorbecke G.J.,352,149,235
Thorpe R.,224,108,143
Thorsby E.,553,248,334
Thrasher A.J.,413,105,156
Tian Z.,312,104,135
Tiberghien P.,276,107,129
Tilg H.,401,100,121
Tilney N.L.,438,120,180
Tincani A.,473,145,216
Ting J.P.-Y.,318,112,162
Titball R.W.,351,112,208
Todd III R.F.,174,108,140
Todd J.A.,438,118,209
Todo S.,660,108,172
Toes R.E.M.,412,171,212
Toivanen A.,260,119,166
Toivanen P.,327,146,189
Tokunaga K.,626,176,270
Tokura Y.,945,120,152
Tomasi T.B.,206,104,125
Tomino Y.,675,101,151
Tomonaga M.,394,129,177
Tonegawa S.,340,128,169
Tonnel A.B.,507,127,160
Tosato G.,225,104,150
Totterman T.H.,198,106,123
Touraine J.L.,540,121,167
Toyka K.V.,576,191,257
Tracey K.J.,404,122,163
Trapani J.A.,289,122,200
Trautwein C.,631,104,128
Travis J.,298,122,181
Tremblay M.J.,215,133,174
Trepo C.,763,169,258
Tricot G.,406,100,157
Trinchieri G.,442,231,332
Trowsdale J.,422,200,292
Troye-Blomberg M.,223,127,175
Trucco M.,375,150,209
Truedsson L.,214,118,154
Tschopp J.,432,204,271
Tsokos G.C.,568,242,366
Tsujimoto H.,392,134,183
Tsuruo T.,737,121,172
Tubbs R.R.,460,110,129
Tucker P.W.,207,123,151
Tugwell P.,884,107,154
Tura S.,811,201,283
Turk J.L.,375,136,181
Turka L.A.,304,149,201
Tursz T.,283,102,126
Tyring S.K.,820,157,238
Tzakis A.G.,831,137,202
Tzioufas A.G.,277,122,159
Uchiyama T.,352,143,190
Uckun F.M.,561,171,314
Ueda R.,327,119,140
Uede T.,307,134,194
Uhlen M.,585,113,181
Uhr J.W.,337,179,219
Ulevitch R.J.,220,104,138
Ullrich A.,534,149,176
Ulmer A.J.,181,100,135
Umetsu D.T.,247,108,150
Unanue E.R.,457,274,360
Urban Jr. J.F.,287,128,191
Urowitz M.B.,419,119,192
Vadas M.A.,289,148,184
Vaerman J.P.,254,126,174
Vaheri A.,776,183,317
Vainchenker W.,487,160,235
Valent P.,787,206,407
Valenta R.,558,207,407
Valesini G.,600,193,274
Vallera D.A.,218,100,154
Van Belkum A.,568,119,164
Van Damme J.,395,218,328
Van De Putte L.B.A.,272,121,162
Van De Winkel J.G.J.,305,171,264
Van Den Berg W.B.,541,202,373
Van Den Elsen P.J.,200,116,148
Van Der Heijde D.,855,145,385
Van Der Meer J.W.M.,1053,287,412
Van Der Meide P.H.,180,142,163
Van Der Poll T.,788,238,380
Van Der Woude F.J.,339,120,169
Van Deventer S.J.H.,441,184,243
Van Dongen J.J.M.,526,202,298
Van Drunen Littel-Van Den Hurk S.,197,104,151
Van Dyke T.E.,347,107,150
Van Eden W.,248,114,184
Van Es L.A.,335,168,239
Van Furth R.,430,193,262
Van Kaer L.,256,125,173
Van Kooten C.,283,142,190
Van Kooyk Y.,251,104,165
Van Lier R.A.W.,343,182,265
Van Loveren H.,501,142,231
Van Regenmortel M.H.V.,317,120,193
Van Riel P.L.C.M.,537,143,227
Van Rood J.J.,539,206,282
Van Rooijen N.,847,348,721
Van Snick J.,216,140,181
Van Strijp J.A.G.,180,106,130
Van Thiel D.H.,932,138,170
Van Venrooij W.J.,307,104,183
Vandamme P.,500,110,305
Vandenabeele P.,567,112,163
Vandenbark A.A.,327,147,243
Vane J.R.,571,123,177
Vargaftig B.B.,405,149,199
Varki A.,417,120,175
Vassalli P.,205,111,132
Vaughan J.H.,234,118,142
Vellenga E.,470,155,222
Venge P.,594,208,343
Venzon D.,401,136,160
Verbrugh H.A.,467,117,156
Verfaillie C.M.,393,102,141
Vergani D.,405,145,243
Verhoef J.,876,271,353
Verma I.M.,464,115,142
Vernant J.P.,295,107,130
Vervloet D.,438,105,140
Veys E.M.,386,149,209
Vieths S.,381,109,204
Vilcek J.,221,129,162
Villinger F.,251,127,155
Vincent A.,827,109,225
Vinogradov E.,332,105,138
Virgin H.W.,242,100,139
Virtanen I.,563,118,141
Visani G.,331,103,143
Vitetta E.S.,444,249,362
Vivier E.,346,127,179
Vlahov D.,699,141,250
Vogel S.N.,328,179,248
Volk H.-D.,771,272,381
Von Andrian U.H.,233,109,154
Von Boehmer H.,318,155,241
Von Dem Borne A.E.G.Kr.,301,152,194
Von Herrath M.G.,317,105,202
Voorhees J.J.,620,104,138
Vose J.M.,470,108,169
Vossen J.M.,250,115,135
Wachter H.,512,163,281
Wadstrom T.,514,181,294
Waer M.,277,112,138
Wagner H.,429,248,293
Wahl S.M.,268,165,217
Wahn U.,708,171,288
Wahren B.,558,244,327
Wainberg M.A.,690,203,366
Wakelin D.,237,110,175
Waksman B.H.,278,113,126
Waldmann H.,461,219,358
Waldmann T.A.,672,285,412
Walker B.D.,623,200,331
Walker W.A.,406,118,147
Wallace D.J.,398,111,152
Wallace J.L.,434,106,179
Wallach D.,193,100,126
Walport M.J.,273,157,199
Walsh T.J.,747,152,258
Wands J.R.,479,119,186
Ward J.M.,534,101,114
Ward P.A.,811,351,480
Wardlaw A.J.,261,103,135
Ware C.F.,244,114,152
Warner J.O.,541,132,180
Warner N.L.,197,108,120
Warnke R.A.,357,144,194
Watkins D.I.,278,119,189
Watkins S.C.,694,196,236
Watson J.D.,241,129,147
Watson R.R.,521,129,216
Weber J.,382,145,182
Webster A.D.B.,291,131,188
Webster R.G.,760,183,379
Weeke B.,224,115,145
Weetman A.P.,412,183,248
Weigle W.O.,375,173,249
Weimar W.,698,120,213
Weinberg J.B.,222,110,143
Weiner D.B.,487,176,271
Weiner H.L.,774,249,367
Weinhold K.J.,192,109,143
Weisdorf D.J.,714,160,311
Weisenburger D.D.,485,109,153
Weisman M.H.,408,158,208
Weiss A.,345,169,254
Weiss E.H.,187,101,126
Weiss L.M.,466,119,163
Weiss R.A.,449,160,223
Weiss S.,209,116,141
Weiss S.T.,848,139,196
Weissman I.L.,769,309,474
Weissmann G.,450,131,165
Wekerle H.,348,185,249
Weksler M.E.,232,113,152
Weller P.F.,300,130,214
Welsh K.I.,393,203,295
Welsh R.M.,261,135,211
Welte K.,370,138,214
Werfel T.,619,113,151
Wernet P.,313,130,164
Weyand C.M.,408,140,216
White D.J.G.,311,100,140
White J.G.,620,104,184
White N.J.,1155,130,243
Whiteside T.L.,679,263,388
Whittle H.,494,169,246
Wick G.,555,155,321
Wiendl H.,440,100,125
Wiernik P.H.,820,157,220
Wigzell H.,522,325,379
Wiik A.,243,118,153
Wijdenes J.,203,122,159
Wilder R.L.,217,122,154
Will H.,238,101,163
Willcox M.D.P.,441,106,164
Willemze R.,456,168,256
Williams B.R.G.,348,136,185
Williams D.L.,460,102,162
Williams Jr. R.C.,402,197,234
Williams R.,1877,307,409
Willingham M.C.,437,118,150
Wilson I.A.,634,161,240
Wilson J.M.,741,121,213
Wiltrout R.H.,188,111,146
Wimmer E.,333,133,232
Winchester R.,234,144,174
Wingard J.R.,462,118,170
Winkelstein J.A.,194,103,125
Wisniewski H.M.,568,100,142
Witkin S.S.,452,123,202
Witte O.N.,402,122,205
Witzig T.E.,554,113,181
Wolf H.,325,130,172
Wolfe F.,413,144,232
Wolinsky S.M.,208,112,144
Wong-Staal F.,389,210,249
Woo P.,235,102,127
Wood K.J.,429,160,266
Worm M.,493,118,144
Wren B.W.,304,101,133
Wright P.F.,291,107,123
Wuthrich B.,560,135,172
Wynn T.A.,217,110,164
Yachie A.,350,105,134
Yacoub M.H.,1375,143,193
Yagita H.,874,450,621
Yamada K.M.,411,103,131
Yamada Y.,278,101,153
Yamamoto H.,1429,117,137
Yamamoto K.,510,222,278
Yamamoto M.,846,103,176
Yamamoto N.,973,262,356
Yamamoto T.,709,111,152
Yamamura Y.,513,108,129
Yamanishi K.,395,129,241
Yancopoulos G.D.,453,107,131
Yarchoan R.,292,131,194
Yaron M.,196,100,107
Yasukawa M.,314,101,129
Yazaki Y.,831,160,218
Yazdanbakhsh M.,262,105,154
Yewdell J.W.,324,133,222
Yodoi J.,534,154,339
Yokochi T.,289,125,196
Yokoyama W.M.,273,122,206
Yolken R.H.,599,146,179
Yoshie O.,286,128,183
Yoshikai Y.,425,245,350
Yoshikawa T.,957,136,199
Yoshimura A.,470,123,149
Yoshino T.,595,161,216
Youinou P.,738,227,345
Young H.A.,303,180,219
Young L.S.,289,129,196
Young N.S.,568,190,297
Yssel H.,195,133,150
Yuen K.-Y.,881,164,210
Yunginger J.W.,220,129,158
Yunis E.J.,510,217,290
Zahringer U.,252,101,134
Zander A.R.,485,146,215
Zapata A.,222,115,148
Zeevi A.,303,108,143
Zeitz M.,468,107,145
Zembala M.,226,101,144
Zimmerman G.A.,302,113,157
Zinkernagel R.M.,616,341,489
Zipfel P.F.,332,134,237
Zitvogel L.,414,111,135
Zlotnik A.,210,129,154
Zola H.,280,128,163
Zolla-Pazner S.,286,150,223
Zoller M.,286,106,190
Zuberbier T.,516,117,142
Zur Hausen H.,387,110,166
Zweiman B.,270,148,187
